{"ongoing_trials": {}, "hyperparameters": {"space": [{"class_name": "Choice", "config": {"name": "units_1", "default": 128, "conditions": [], "values": [128, 256, 512], "ordered": true}}, {"class_name": "Choice", "config": {"name": "units_2", "default": 32, "conditions": [], "values": [32, 64, 128], "ordered": true}}, {"class_name": "Choice", "config": {"name": "units_3", "default": 8, "conditions": [], "values": [8, 16, 32], "ordered": true}}, {"class_name": "Choice", "config": {"name": "learning_rate", "default": 0.01, "conditions": [], "values": [0.01, 0.001, 0.0001], "ordered": true}}], "values": {"units_1": 128, "units_2": 32, "units_3": 8, "learning_rate": 0.01}}, "seed": 4463, "seed_state": 4483, "tried_so_far": ["a9a1794aff6f3ac67b44bcbe1e4516a9", "a426ef00c549100ce39f9fc382d71495", "7b0341e7263601271ddaedb651a68c25", "3662a0d57014c0e35f6ab8a6a094f892", "03b796ac6fc254c0f77bf1ea38659d85"]}