{"trial_id": "1", "hyperparameters": {"space": [{"class_name": "Choice", "config": {"name": "units_1", "default": 128, "conditions": [], "values": [128, 256, 512], "ordered": true}}, {"class_name": "Choice", "config": {"name": "units_2", "default": 32, "conditions": [], "values": [32, 64, 128], "ordered": true}}, {"class_name": "Choice", "config": {"name": "units_3", "default": 8, "conditions": [], "values": [8, 16, 32], "ordered": true}}, {"class_name": "Choice", "config": {"name": "learning_rate", "default": 0.01, "conditions": [], "values": [0.01, 0.001, 0.0001], "ordered": true}}], "values": {"units_1": 256, "units_2": 32, "units_3": 32, "learning_rate": 0.001}}, "metrics": {"metrics": {"loss": {"direction": "min", "observations": [{"value": [0.13622784614562988], "step": 0}]}, "binary_accuracy": {"direction": "max", "observations": [{"value": [0.9546499848365784], "step": 0}]}, "val_loss": {"direction": "min", "observations": [{"value": [0.23398742079734802], "step": 0}]}, "val_binary_accuracy": {"direction": "max", "observations": [{"value": [0.9402655959129333], "step": 0}]}}}, "score": 0.9402655959129333, "best_step": 0, "status": "COMPLETED"}