{"trial_id": "4", "hyperparameters": {"space": [{"class_name": "Choice", "config": {"name": "units_1", "default": 128, "conditions": [], "values": [128, 256, 512], "ordered": true}}, {"class_name": "Choice", "config": {"name": "units_2", "default": 32, "conditions": [], "values": [32, 64, 128], "ordered": true}}, {"class_name": "Choice", "config": {"name": "units_3", "default": 8, "conditions": [], "values": [8, 16, 32], "ordered": true}}, {"class_name": "Choice", "config": {"name": "learning_rate", "default": 0.01, "conditions": [], "values": [0.01, 0.001, 0.0001], "ordered": true}}], "values": {"units_1": 512, "units_2": 64, "units_3": 16, "learning_rate": 0.001}}, "metrics": {"metrics": {"loss": {"direction": "min", "observations": [{"value": [0.12887205183506012], "step": 0}]}, "binary_accuracy": {"direction": "max", "observations": [{"value": [0.9560218453407288], "step": 0}]}, "val_loss": {"direction": "min", "observations": [{"value": [0.336622953414917], "step": 0}]}, "val_binary_accuracy": {"direction": "max", "observations": [{"value": [0.9421093463897705], "step": 0}]}}}, "score": 0.9421093463897705, "best_step": 0, "status": "COMPLETED"}