{"trial_id": "3", "hyperparameters": {"space": [{"class_name": "Choice", "config": {"name": "units_1", "default": 128, "conditions": [], "values": [128, 256, 512], "ordered": true}}, {"class_name": "Choice", "config": {"name": "units_2", "default": 32, "conditions": [], "values": [32, 64, 128], "ordered": true}}, {"class_name": "Choice", "config": {"name": "units_3", "default": 8, "conditions": [], "values": [8, 16, 32], "ordered": true}}, {"class_name": "Choice", "config": {"name": "learning_rate", "default": 0.01, "conditions": [], "values": [0.01, 0.001, 0.0001], "ordered": true}}], "values": {"units_1": 256, "units_2": 32, "units_3": 8, "learning_rate": 0.01}}, "metrics": {"metrics": {"loss": {"direction": "min", "observations": [{"value": [0.14214612543582916], "step": 0}]}, "binary_accuracy": {"direction": "max", "observations": [{"value": [0.9529500007629395], "step": 0}]}, "val_loss": {"direction": "min", "observations": [{"value": [0.3615425229072571], "step": 0}]}, "val_binary_accuracy": {"direction": "max", "observations": [{"value": [0.9488906264305115], "step": 0}]}}}, "score": 0.9488906264305115, "best_step": 0, "status": "COMPLETED"}